id,supplier_id,name,default_price
0,36,Handmade Granite Fish,34
1,37,Fantastic Pants,134
2,24,Handmade Soft Towels,144
3,7,Intelligent Shoes,116
4,5,Sleek Keyboard,108
5,37,Licensed Wooden Ball,105
6,42,For repair Bike,110
7,12,Granite Mouse,108
8,37,Mouse,34
9,28,Car,22
10,12,New Pants,100
11,5,Car,99
12,42,Gorgeous Wooden Table,64
13,45,Gorgeous Sausages,70
14,39,Practical Fresh Bacon,119
15,37,Soft Chips,126
16,37,Intelligent Wooden Mouse,72
17,42,Handcrafted Soft Gloves,69
18,43,Ball,92
19,43,Towels,88
20,18,Pizza,4
21,28,Practical Plastic Bike,69
22,25,Unbranded Towels,13
23,39,Bike,2
24,15,Chicken,10
25,18,Awesome Frozen Shirt,1
26,39,Plastic Ball,16
27,19,Refined Tuna,88
28,36,Soft Chips,123
29,12,Fantastic Soft Computer,98
30,24,Rustic Plastic Sausages,59
31,39,Gloves,130
32,18,Used Ball,44
33,19,Tasty Metal Shirt,24
34,20,Wooden Tuna,27
35,41,Fresh Gloves,102
36,18,Sleek Frozen Soap,63
37,5,Pizza,148
38,28,Chair,54
39,35,Unbranded Chair,111
40,28,Awesome Rubber Shoes,140
41,19,Concrete Tuna,36
42,17,New Ball,124
43,18,Sausages,145
44,14,Bike,83
45,24,Ergonomic Keyboard,65
46,14,Handcrafted Rubber Ball,131
47,36,Shoes,22
48,43,Fresh Shoes,37
49,20,New Concrete Bike,17
50,7,Fresh Shirt,1
51,14,Cotton Pants,141
52,42,Cheese,32
53,21,Chair,136
54,45,Rustic Steel Gloves,85
55,43,Small Plastic Fish,52
56,20,Bike,77
57,36,Ergonomic Plastic Mouse,94
58,20,Gorgeous Wooden Hat,125
59,14,Hat,125
60,12,For repair Granite Table,144
61,35,Licensed Steel Hat,72
62,39,Gorgeous Plastic Bike,27
63,37,Granite Bacon,84
64,19,Cheese,93
65,15,Used Chicken,108
66,19,For repair Fresh Shirt,41
67,15,Tasty Mouse,114
68,14,Handcrafted Shoes,88
69,20,Concrete Shirt,34
70,12,Table,5
71,39,Awesome Cheese,95
72,20,Chicken,98
73,18,Computer,24
74,17,Soft Ball,128
75,45,Shirt,70
76,17,Awesome Salad,6
77,41,Shirt,21
78,45,Ball,32
79,37,Concrete Soap,34
80,21,Plastic Mouse,110
81,17,Practical Metal Cheese,5
82,18,Rubber Ball,27
83,39,Cotton Keyboard,141
84,11,Shoes,118
85,11,Unbranded Shirt,42
86,18,Gently Used Bike,53
87,21,Gently Used Granite Soap,40
88,11,Fresh Chicken,147
89,25,Cheese,37
90,43,Gently Used Rubber Chair,83
91,42,Generic Sausages,64
92,17,Chicken,37
93,18,Ergonomic Pants,97
94,24,Car,123
95,19,Fantastic Soft Keyboard,58
96,18,Tasty Wooden Chips,138
97,19,Sausages,109
98,42,Ergonomic Plastic Chair,145
99,35,Cotton Table,37
100,12,Rustic Mouse,12
101,35,Metal Tuna,95
102,17,Intelligent Rubber Sausages,132
103,21,Tasty Frozen Ball,98
104,14,Gorgeous Bike,23
105,43,Rubber Sausages,69
106,20,Fantastic Rubber Soap,41
107,12,Ergonomic Wooden Car,27
108,37,Handmade Soft Salad,83
109,25,Mouse,44
110,7,Chips,18
111,12,Intelligent Sausages,71
112,12,Used Cheese,73
113,7,Gently Used Plastic Soap,54
114,37,Generic Cotton Pants,50
115,7,Computer,1
116,42,Ball,50
117,19,Shirt,26
118,39,Rubber Salad,128
119,20,Gorgeous Plastic Soap,66
120,21,Ergonomic Rubber Pants,42
121,36,Shirt,67
122,18,Rubber Pants,96
123,18,Ergonomic Car,53
124,24,Shirt,58
125,7,Used Frozen Shirt,85
126,43,Gloves,39
127,24,Shirt,56
128,11,Ergonomic Granite Chips,4
129,17,Table,140
130,7,New Chips,82
131,39,Intelligent Fresh Cheese,68
132,25,Bike,65
133,28,Tasty Concrete Car,24
134,5,Licensed Metal Shirt,80
135,5,Tasty Shirt,113
136,35,Intelligent Frozen Tuna,67
137,41,Gorgeous Bacon,16
138,5,Used Steel Fish,122
139,45,Cheese,149
140,43,Unbranded Soap,23
141,45,Salad,84
142,24,Intelligent Fish,40
143,12,Small Fresh Car,130
144,37,Rustic Chips,107
145,12,Frozen Cheese,81
146,15,Plastic Chair,17
147,18,Unbranded Steel Salad,84
148,18,Pizza,94
149,14,Refined Computer,107
150,28,Licensed Soft Sausages,10
151,39,Keyboard,37
152,36,Shirt,81
153,43,Concrete Pizza,117
154,39,Fish,102
155,21,Rustic Chicken,92
156,21,Soft Chicken,30
157,39,Pizza,4
158,42,Frozen Car,136
159,39,Intelligent Steel Ball,131
160,41,Gloves,51
161,39,Gloves,104
162,43,Handmade Shirt,92
163,21,Awesome Concrete Sausages,4
164,39,Cotton Shirt,12
165,21,Wooden Chair,51
166,17,Steel Hat,150
167,36,Wooden Ball,92
168,21,Shirt,48
169,39,Concrete Gloves,22
170,21,Granite Tuna,143
171,17,Generic Frozen Table,132
172,12,Rubber Cheese,81
173,17,Fantastic Concrete Ball,10
174,43,Licensed Shirt,141
175,25,Bacon,118
176,15,Fresh Chair,28
177,5,Fresh Chicken,76
178,12,Gloves,122
179,5,Small Car,42
180,43,Plastic Cheese,48
181,28,Tuna,101
182,15,Cheese,35
183,19,Incredible Soap,84
184,39,Awesome Granite Fish,30
185,20,Computer,61
186,25,Gently Used Rubber Sausages,50
187,7,Sleek Frozen Fish,128
188,7,Rustic Cheese,150
189,43,Refined Shoes,58
190,17,Generic Ball,129
191,36,Intelligent Gloves,113
192,17,Cotton Chicken,137
193,7,Ergonomic Bacon,124
194,21,Used Shirt,114
195,5,Soft Ball,64
196,15,Fresh Shoes,147
197,11,Chicken,67
198,45,Sleek Rubber Soap,25
199,14,Handcrafted Towels,100
200,35,Handmade Pizza,137
201,18,For repair Soft Gloves,50
202,21,Sleek Mouse,130
203,12,Small Cheese,76
204,5,For repair Concrete Shoes,44
205,45,Practical Plastic Cheese,149
206,41,Incredible Pants,103
207,17,Gloves,12
208,41,Rubber Sausages,76
209,19,Rubber Table,119
210,15,Pizza,95
211,11,Salad,71
212,15,Rubber Chicken,113
213,7,Metal Computer,147
214,17,Fantastic Cheese,25
215,21,Soap,118
216,15,Frozen Tuna,120
217,28,Gloves,15
218,35,Handcrafted Plastic Ball,88
219,37,Rubber Gloves,141
220,19,Fantastic Soft Pizza,106
221,25,Generic Rubber Chair,143
222,12,Small Wooden Bike,84
223,42,Licensed Rubber Bike,147
224,45,Keyboard,117
225,5,Shirt,80
226,7,Ergonomic Rubber Tuna,89
227,36,Chair,24
228,12,Mouse,24
229,37,Fantastic Wooden Gloves,143
230,7,Gently Used Car,144
231,18,Soft Chair,140
232,7,Sausages,3
233,21,Cotton Car,24
234,12,Soap,50
235,21,Gently Used Concrete Sausages,77
236,45,Refined Bike,31
237,28,Fantastic Chair,32
238,39,Granite Table,58
239,14,Salad,123
240,12,Gorgeous Tuna,108
241,36,Generic Sausages,119
242,37,Unbranded Steel Gloves,97
243,25,Handcrafted Fish,142
244,18,Gently Used Rubber Car,83
245,35,Awesome Chicken,111
246,39,Granite Cheese,49
247,7,Wooden Sausages,15
248,39,Gorgeous Concrete Bacon,124
249,20,Chair,30
250,15,Small Shirt,14
251,20,Fantastic Rubber Car,79
252,37,Computer,14
253,43,Sausages,123
254,17,Refined Metal Bike,150
255,39,Hat,11
256,17,Concrete Pizza,135
257,25,Rubber Salad,8
258,20,Plastic Mouse,63
259,5,Rustic Soft Ball,95
260,39,Ergonomic Frozen Shoes,79
261,19,Concrete Hat,103
262,42,Concrete Cheese,142
263,45,Chips,31
264,15,Table,102
265,24,Incredible Hat,20
266,15,Frozen Car,135
267,11,Sausages,82
268,24,Granite Chair,66
269,15,Steel Ball,50
270,17,Unbranded Plastic Table,14
271,21,Shirt,136
272,21,Incredible Rubber Hat,76
273,11,Frozen Gloves,132
274,43,Soft Fish,5
275,5,Rustic Shoes,17
276,18,Chicken,70
277,18,Intelligent Mouse,114
278,43,Practical Frozen Sausages,92
279,39,Rubber Bike,29
280,7,Sausages,32
281,45,Handmade Shirt,108
282,7,Licensed Fresh Sausages,88
283,21,Steel Cheese,66
284,11,Incredible Bike,22
285,45,Salad,26
286,11,Incredible Fresh Fish,97
287,35,Rustic Sausages,148
288,43,Chicken,8
289,28,Refined Wooden Bacon,116
290,42,Handmade Plastic Ball,5
291,42,Concrete Pizza,13
292,37,For repair Frozen Cheese,21
293,19,Small Cotton Mouse,137
294,18,Chicken,49
295,11,Fantastic Chicken,20
296,15,Soft Sausages,140
297,24,Awesome Chips,53
298,17,Refined Cotton Chicken,138
299,14,Licensed Granite Soap,30
300,37,Refined Plastic Chair,107
301,37,Gently Used Chips,96
302,19,Wooden Chicken,44
303,14,Incredible Shirt,115
304,24,Practical Soap,94
305,12,Fresh Pants,35
306,41,Intelligent Metal Shoes,143
307,14,Fresh Bacon,131
308,43,Plastic Sausages,89
309,43,Practical Table,58
310,20,Plastic Soap,64
311,35,Unbranded Ball,45
312,19,Gloves,77
313,39,Mouse,70
314,19,Soft Shirt,18
315,41,Incredible Chicken,4
316,19,Shoes,35
317,19,Chicken,63
318,11,Shirt,16
319,45,Soft Table,59
320,14,Incredible Granite Bike,102
321,24,Plastic Ball,8
322,21,Keyboard,50
323,42,Awesome Plastic Pants,33
324,7,Practical Metal Shirt,22
325,39,Pizza,7
326,12,Soft Chips,15
327,14,Incredible Cotton Cheese,113
328,17,Handmade Hat,37
329,41,Cotton Cheese,124
330,14,Soft Hat,24
331,12,Intelligent Salad,95
332,36,Tasty Steel Pants,78
333,19,Metal Chair,68
334,12,For repair Steel Chicken,30
335,36,Table,141
336,43,Tasty Rubber Computer,136
337,43,Unbranded Shirt,72
338,39,Soft Computer,143
339,25,Granite Computer,148
340,15,Fantastic Pizza,48
341,35,Rubber Pants,78
342,36,Gorgeous Fresh Tuna,48
343,24,New Salad,63
344,35,Chips,148
345,15,Keyboard,95
346,43,Soft Mouse,71
347,43,Fantastic Cheese,44
348,43,Pizza,69
349,19,Steel Chips,140
350,5,Gorgeous Soap,18
351,36,Pants,105
352,14,Chips,49
353,15,Plastic Ball,136
354,19,Practical Fresh Chips,139
355,19,Bacon,15
356,37,Ergonomic Shirt,50
357,35,Granite Pizza,45
358,42,Cotton Salad,54
359,11,Chicken,140
360,21,Licensed Ball,136
361,28,Generic Plastic Chair,40
362,39,Refined Hat,83
363,5,Gorgeous Keyboard,61
364,25,Handcrafted Pants,31
365,43,Awesome Pizza,77
366,41,Soft Bacon,142
367,39,Small Steel Shoes,10
368,15,Concrete Table,32
369,28,Used Concrete Table,24
370,12,Tasty Plastic Shoes,97
371,35,Licensed Concrete Shoes,53
372,36,Refined Soft Chips,75
373,41,Bike,145
374,36,Fresh Car,52
375,25,Chicken,33
376,18,Intelligent Cheese,87
377,11,Wooden Ball,116
378,14,Concrete Sausages,125
379,15,Gently Used Fresh Chair,3
380,21,Fresh Bacon,121
381,37,For repair Pizza,107
382,20,Car,59
383,35,Gorgeous Keyboard,23
384,7,Handcrafted Frozen Sausages,140
385,45,Gently Used Fish,97
386,28,Practical Soap,111
387,20,Granite Salad,146
388,18,Ergonomic Concrete Fish,117
389,35,Frozen Ball,78
390,42,Refined Fresh Chicken,120
391,24,Refined Granite Towels,52
392,11,For repair Rubber Chicken,80
393,12,Rustic Towels,144
394,37,Incredible Chair,120
395,36,Wooden Sausages,142
396,35,Gloves,108
397,14,Licensed Chips,95
398,41,Refined Shirt,25
399,14,Awesome Metal Car,56
400,42,Metal Shoes,48
401,45,Awesome Ball,37
402,43,Rubber Chips,66
403,7,Small Rubber Bacon,63
404,35,Fresh Chips,145
405,7,Used Steel Chicken,82
406,21,Gorgeous Ball,37
407,25,Keyboard,18
408,18,Keyboard,54
409,7,Cotton Towels,150
410,11,Sleek Frozen Tuna,29
411,5,Rustic Cotton Pizza,110
412,39,Tasty Soft Soap,12
413,7,Small Rubber Bacon,22
414,28,Chair,127
415,37,For repair Concrete Bike,138
416,37,Towels,1
417,11,Wooden Cheese,4
418,14,Hat,135
419,41,Fish,125
420,45,Intelligent Metal Soap,134
421,20,Granite Cheese,17
422,41,Frozen Shoes,46
423,14,Sausages,76
424,5,Used Granite Fish,21
425,24,Small Soap,93
426,14,Generic Granite Bike,132
427,18,For repair Granite Soap,31
428,28,Unbranded Cotton Ball,106
429,43,Chips,96
430,18,Keyboard,33
431,7,Gorgeous Chair,124
432,24,Cheese,105
433,17,New Fresh Computer,38
434,14,Handmade Soft Chair,41
435,21,Generic Wooden Pizza,44
436,5,Unbranded Pants,118
437,37,Unbranded Fish,36
438,43,Fresh Bacon,83
439,19,Sausages,28
440,45,Tasty Frozen Pants,90
441,15,Sausages,17
442,43,Fresh Bike,3
443,24,Practical Pizza,51
444,43,Unbranded Cotton Chips,147
445,37,Granite Mouse,82
446,41,Steel Keyboard,139
447,45,For repair Concrete Bacon,67
448,20,Soap,35
449,7,Fantastic Shoes,80
450,7,Salad,119
451,25,For repair Computer,104
452,39,Frozen Gloves,148
453,11,Fish,147
454,28,Used Soft Hat,115
455,18,Mouse,126
456,12,Sleek Fresh Shirt,52
457,25,Handcrafted Cotton Mouse,141
458,45,Soft Mouse,70
459,18,Unbranded Metal Chicken,75
460,37,Gloves,71
461,12,Chips,136
462,35,Metal Ball,35
463,12,Gently Used Fish,80
464,15,Soap,61
465,21,Practical Rubber Mouse,34
466,21,Handcrafted Mouse,41
467,35,Handcrafted Hat,1
468,19,Soap,115
469,24,Cotton Soap,72
470,12,For repair Soap,102
471,28,Cotton Bike,118
472,7,Hat,75
473,20,Handmade Soft Car,140
474,24,Refined Granite Pants,48
475,41,Sausages,114
476,7,Rustic Chicken,112
477,15,Sausages,114
478,7,Gently Used Plastic Pants,67
479,37,Small Granite Chips,89
480,37,Shoes,125
481,21,Used Plastic Fish,73
482,11,Frozen Shoes,60
483,24,Awesome Chair,108
484,43,Granite Car,83
485,25,Used Chair,11
486,11,Metal Table,6
487,5,Rustic Concrete Computer,40
488,5,Tasty Salad,111
489,45,Intelligent Metal Bacon,95
490,24,Fresh Bacon,88
491,41,Computer,79
492,21,Practical Sausages,150
493,5,Licensed Keyboard,2
494,5,Fish,40
495,5,For repair Frozen Chips,140
496,5,Practical Hat,66
497,43,Fantastic Steel Table,129
498,45,Awesome Shoes,37
499,17,Incredible Sausages,44
500,18,Sleek Chips,24
501,45,Refined Salad,106
502,36,Refined Plastic Shoes,77
503,11,Rubber Computer,56
504,21,Chair,51
505,37,Gorgeous Steel Cheese,24
506,21,Chips,86
507,41,Sleek Keyboard,18
508,41,New Rubber Shirt,131
509,25,Handcrafted Fish,119
510,43,Keyboard,141
511,37,Rustic Soft Car,57
512,18,Incredible Tuna,17
513,14,Frozen Computer,101
514,21,Keyboard,72
515,17,Refined Bacon,72
516,7,Awesome Soft Table,8
517,42,Concrete Bacon,37
518,42,Car,15
519,42,Wooden Hat,65
520,24,Handmade Fresh Car,148
521,14,Pizza,81
522,42,Fantastic Car,127
523,36,Gorgeous Frozen Cheese,95
524,41,Ergonomic Cotton Bike,32
525,24,For repair Towels,44
526,21,Bike,65
527,11,Rubber Computer,62
528,42,Awesome Cheese,90
529,35,Concrete Soap,72
530,14,Soft Pants,126
531,11,Steel Tuna,47
532,28,Soap,17
533,28,Generic Soap,21
534,15,Intelligent Frozen Keyboard,132
535,39,Keyboard,127
536,37,Licensed Shoes,48
537,20,Licensed Chips,56
538,37,Handmade Salad,141
539,18,Sleek Hat,130
540,5,Fish,150
541,20,New Metal Tuna,19
542,28,Incredible Chair,58
543,7,Frozen Chair,94
544,43,Ball,122
545,39,For repair Ball,71
546,18,New Frozen Sausages,149
547,43,Soap,18
548,11,Refined Fresh Computer,18
549,41,Pizza,80
550,15,Steel Chips,135
551,21,Shoes,67
552,42,Steel Shoes,78
553,11,New Keyboard,106
554,36,Chicken,130
555,14,Rubber Fish,126
556,14,Handcrafted Pants,112
557,24,Fish,6
558,21,Sausages,8
559,11,Unbranded Cotton Shoes,39
560,39,Refined Plastic Pants,36
561,20,New Metal Chicken,76
562,7,Ergonomic Soft Pizza,86
563,36,Steel Pizza,45
564,15,Towels,45
565,39,Granite Tuna,53
566,36,Unbranded Fresh Salad,14
567,42,Concrete Computer,15
568,15,Licensed Rubber Pants,56
569,11,Gorgeous Shirt,133
570,15,Steel Salad,83
571,17,Practical Car,3
572,37,Fresh Pizza,107
573,5,Plastic Towels,44
574,24,Car,135
575,43,Frozen Chicken,68
576,11,Cotton Chips,118
577,5,Metal Soap,16
578,5,Computer,5
579,7,Steel Car,112
580,45,Granite Sausages,3
581,14,For repair Shirt,80
582,28,Unbranded Plastic Pants,118
583,17,Cotton Chicken,50
584,14,Soft Computer,5
585,39,Steel Bike,39
586,7,Incredible Gloves,61
587,43,Gorgeous Steel Salad,20
588,15,Table,114
589,12,Generic Gloves,122
590,21,Generic Cotton Sausages,47
591,12,Refined Gloves,76
592,18,Rubber Chicken,128
593,41,Sausages,16
594,43,Hat,105
595,7,Frozen Cheese,94
596,45,Cotton Keyboard,136
597,39,Shirt,123
598,39,Soft Ball,44
599,37,Car,129
600,43,Soft Tuna,112
601,37,Intelligent Cheese,106
602,35,Concrete Shoes,118
603,24,Sausages,69
604,12,Chair,145
605,19,Keyboard,28
606,28,Practical Tuna,12
607,17,Frozen Bike,76
608,15,Fish,108
609,5,Steel Cheese,32
610,39,Keyboard,117
611,12,Used Fish,31
612,20,Awesome Chair,65
613,42,For repair Tuna,143
614,39,Gorgeous Frozen Fish,54
615,21,Unbranded Cotton Cheese,14
616,45,Hat,93
617,20,Granite Shirt,89
618,45,Shoes,93
619,5,Frozen Cheese,13
620,25,Handcrafted Gloves,24
621,28,Metal Table,70
622,12,Handcrafted Table,135
623,35,Handmade Cotton Salad,39
624,20,Pants,18
625,42,Refined Pants,40
626,12,Generic Cotton Chips,122
627,28,Fish,121
628,19,Sleek Steel Tuna,103
629,35,Bacon,48
630,39,Car,87
631,37,Frozen Chair,62
632,7,Licensed Ball,61
633,24,Fantastic Bike,126
634,20,Metal Shoes,18
635,5,Cheese,59
636,21,Gently Used Fish,130
637,45,Sausages,17
638,28,Intelligent Granite Bacon,71
639,42,Practical Rubber Fish,138
640,24,Sausages,51
641,41,Gently Used Chair,89
642,36,Unbranded Sausages,103
643,15,Soft Mouse,10
644,24,Table,133
645,17,Hat,64
646,39,Ergonomic Granite Computer,9
647,35,Fish,144
648,7,Incredible Keyboard,71
649,19,Table,28
650,37,Handcrafted Tuna,65
651,14,Generic Fish,144
652,19,Sleek Metal Bike,40
653,11,Granite Table,115
654,28,Small Metal Sausages,140
655,21,Car,116
656,11,Incredible Granite Table,89
657,19,Table,125
658,15,Rubber Bacon,2
659,25,Sausages,100
660,37,Gently Used Keyboard,67
661,12,Granite Car,65
662,19,Wooden Mouse,106
663,20,Sleek Steel Bike,45
664,39,Car,133
665,21,Bacon,7
666,14,Bacon,80
667,24,Wooden Salad,3
668,39,Tasty Mouse,104
669,39,Small Frozen Hat,54
670,17,Gently Used Soft Chair,16
671,7,Plastic Sausages,23
672,24,Bacon,86
673,15,Soft Shoes,6
674,39,Fantastic Bacon,122
675,17,Bike,16
676,24,Shirt,137
677,18,Gently Used Sausages,61
678,41,Incredible Cotton Hat,64
679,36,Bike,146
680,43,Wooden Salad,76
681,42,Fresh Cheese,86
682,41,Ergonomic Keyboard,116
683,5,Frozen Car,83
684,19,Rustic Chips,50
685,19,Sleek Soft Pants,123
686,14,Rubber Tuna,27
687,45,Handcrafted Frozen Computer,36
688,42,Practical Sausages,108
689,18,Sleek Concrete Sausages,114
690,41,Plastic Chicken,7
691,15,Practical Table,35
692,21,Licensed Ball,127
693,14,Fresh Ball,7
694,11,Rustic Mouse,31
695,11,Incredible Tuna,102
696,28,Plastic Shoes,34
697,21,Handmade Hat,20
698,21,Generic Cotton Bacon,54
699,12,Table,120
700,21,Tasty Bike,99
701,45,Fish,70
702,41,Plastic Chair,127
703,17,Ball,18
704,43,Fantastic Fresh Bike,62
705,21,Used Soft Sausages,25
706,18,Granite Shirt,58
707,12,Salad,29
708,5,Gorgeous Pizza,48
709,21,Bike,6
710,24,Frozen Car,93
711,21,Bacon,118
712,45,Intelligent Gloves,5
713,25,Used Concrete Gloves,122
714,15,For repair Granite Bike,45
715,24,Fresh Bike,123
716,37,Tuna,121
717,25,Refined Tuna,101
718,15,Licensed Granite Towels,110
719,45,Frozen Pants,149
720,5,Practical Car,60
721,21,Chips,135
722,21,Licensed Concrete Sausages,34
723,35,Rubber Shoes,14
724,19,Handmade Fresh Bacon,51
725,15,Generic Pants,42
726,11,Soap,50
727,12,Used Metal Pizza,8
728,14,Ergonomic Table,134
729,41,Cheese,129
730,45,New Soft Bike,93
731,28,Handmade Cheese,4
732,5,Refined Wooden Tuna,29
733,21,Steel Tuna,12
734,43,Salad,85
735,17,Unbranded Bacon,45
736,11,Chips,109
737,5,Fantastic Mouse,31
738,15,Wooden Bike,24
739,25,Gently Used Concrete Computer,46
740,39,Handmade Bacon,84
741,36,Fantastic Pizza,24
742,24,Unbranded Keyboard,22
743,41,Unbranded Granite Chicken,61
744,11,Computer,67
745,7,New Gloves,22
746,24,Soft Chair,12
747,37,Used Tuna,26
748,37,Car,62
749,19,Computer,107
750,43,Fresh Soap,2
751,5,Handcrafted Ball,128
752,36,Used Table,25
753,25,Steel Tuna,4
754,17,Metal Soap,135
755,7,Practical Metal Bacon,61
756,37,Ball,91
757,45,Towels,23
758,12,Granite Pants,69
759,17,Awesome Metal Chips,17
760,41,Ergonomic Chair,77
761,41,Metal Bacon,82
762,17,Plastic Fish,70
763,19,Table,132
764,7,Chicken,25
765,25,Pizza,93
766,35,Pants,35
767,7,Handcrafted Hat,133
768,18,Rubber Hat,103
769,37,Sleek Hat,61
770,45,Chicken,97
771,35,Tasty Soft Bacon,132
772,42,Ergonomic Sausages,60
773,43,Cotton Gloves,6
774,21,Practical Concrete Tuna,17
775,19,Refined Cheese,8
776,11,Car,116
777,17,Sleek Granite Cheese,132
778,21,Towels,52
779,17,Bike,109
780,25,Generic Shoes,121
781,35,Practical Concrete Tuna,12
782,7,Handcrafted Ball,42
783,39,Steel Fish,132
784,7,Sausages,128
785,17,Fantastic Wooden Pants,150
786,41,Sleek Chair,110
787,41,Licensed Soft Fish,70
788,18,Tasty Metal Car,48
789,42,Gloves,107
790,39,Frozen Salad,71
791,18,Frozen Hat,60
792,36,New Fresh Hat,23
793,43,Salad,119
794,42,Sleek Frozen Pizza,85
795,15,Unbranded Plastic Sausages,75
796,39,Refined Towels,136
797,35,Steel Tuna,51
798,20,Plastic Tuna,99
799,25,Fresh Mouse,38
800,17,Tuna,74
801,20,Frozen Hat,25
802,42,Wooden Tuna,147
803,5,Gently Used Wooden Ball,48
804,17,Shoes,137
805,43,Handmade Concrete Mouse,95
806,5,Licensed Hat,59
807,5,Refined Soft Hat,112
808,21,Used Keyboard,31
809,21,Shirt,38
810,7,Tuna,64
811,41,Metal Computer,9
812,12,Tasty Sausages,140
813,35,Gorgeous Plastic Mouse,11
814,37,Handcrafted Bike,150
815,25,Wooden Bike,5
816,7,Rubber Table,86
817,19,Sausages,139
818,43,Used Table,71
819,19,Fantastic Table,25
820,17,Sleek Granite Salad,14
821,21,Gorgeous Computer,39
822,11,Fish,143
823,14,Handcrafted Plastic Salad,67
824,36,Sleek Sausages,42
825,11,For repair Fresh Keyboard,30
826,45,Concrete Computer,21
827,42,Bike,95
828,18,Fantastic Table,117
829,25,Frozen Bike,94
830,39,Granite Fish,123
831,12,Sleek Wooden Shoes,146
832,19,Cotton Ball,85
833,41,Incredible Mouse,60
834,19,Rubber Pants,83
835,43,New Gloves,30
836,5,Awesome Chair,112
837,36,Salad,105
838,7,Cotton Pizza,24
839,24,Sausages,128
840,19,Practical Rubber Salad,36
841,12,Handmade Gloves,150
842,41,Ball,53
843,36,Small Mouse,53
844,11,Chips,15
845,7,Handmade Steel Salad,115
846,24,Concrete Table,103
847,19,Handmade Rubber Pants,55
848,21,Gorgeous Steel Bacon,140
849,5,Wooden Bacon,114
850,45,Fresh Pizza,137
851,20,Table,150
852,7,Ergonomic Keyboard,75
853,18,Licensed Metal Chips,30
854,11,Awesome Fresh Sausages,133
855,41,Rustic Rubber Pants,120
856,39,Gorgeous Steel Sausages,105
857,15,Bike,92
858,18,Gorgeous Cotton Ball,28
859,7,Pizza,16
860,25,Soft Chicken,105
861,5,Intelligent Chair,100
862,14,Refined Pizza,132
863,37,Generic Steel Tuna,84
864,7,Concrete Computer,133
865,25,Concrete Table,147
866,18,Small Soft Shirt,145
867,7,Car,19
868,41,Incredible Rubber Fish,4
869,36,Ball,121
870,41,Metal Pants,44
871,7,Tasty Soft Chair,104
872,19,Gorgeous Granite Salad,90
873,42,Shirt,108
874,21,Pants,70
875,18,Used Computer,143
876,19,Handcrafted Wooden Mouse,34
877,43,Gently Used Bike,105
878,20,Small Ball,12
879,17,New Granite Hat,142
880,41,Hat,88
881,15,Plastic Pizza,116
882,24,Wooden Pants,48
883,28,Mouse,137
884,24,Soft Hat,9
885,28,Ergonomic Rubber Soap,41
886,18,Soap,73
887,19,Plastic Tuna,44
888,19,Frozen Chair,37
889,36,Chips,95
890,39,Cheese,8
891,15,Concrete Chips,38
892,39,Pants,135
893,39,Sleek Bike,81
894,5,Gloves,95
895,28,Salad,139
896,20,Handmade Wooden Pizza,53
897,14,Ergonomic Metal Pants,125
898,42,Frozen Cheese,127
899,7,Towels,10
900,43,Shoes,25
901,28,Used Plastic Chair,89
902,5,Cotton Mouse,82
903,18,Steel Chair,87
904,43,Refined Chips,123
905,43,Gorgeous Cotton Mouse,40
906,37,Tasty Cheese,97
907,28,Bacon,146
908,36,New Mouse,104
909,43,Licensed Pizza,72
910,39,Awesome Soft Keyboard,127
911,19,Granite Salad,138
912,7,Steel Soap,121
913,41,Towels,137
914,37,Towels,102
915,42,Frozen Keyboard,120
916,25,Used Chicken,133
917,25,Computer,132
918,25,Soft Hat,93
919,19,Car,83
920,5,Fresh Shoes,31
921,5,Generic Rubber Shirt,14
922,14,Shirt,2
923,45,Metal Towels,47
924,41,Fantastic Steel Chicken,72
925,12,Steel Hat,130
926,7,New Cotton Fish,146
927,25,Handmade Cotton Keyboard,6
928,39,Sleek Rubber Gloves,113
929,11,Unbranded Granite Sausages,32
930,36,Bacon,54
931,35,Incredible Plastic Mouse,95
932,14,Unbranded Hat,116
933,17,Shirt,98
934,7,Pizza,144
935,20,Practical Frozen Hat,75
936,41,Small Metal Shoes,37
937,14,Unbranded Frozen Keyboard,122
938,20,Steel Shoes,140
939,35,Salad,15
940,17,Cotton Chips,146
941,17,Unbranded Chicken,106
942,35,Awesome Pizza,60
943,24,Salad,93
944,11,Awesome Sausages,50
945,21,Chicken,71
946,37,Gorgeous Fresh Car,31
947,21,Licensed Shirt,120
948,43,Cotton Pizza,100
949,19,Tasty Granite Mouse,41
950,17,Practical Frozen Hat,24
951,24,Fantastic Salad,107
952,7,Small Chicken,10
953,36,Awesome Steel Fish,46
954,41,Rubber Gloves,28
955,35,Rustic Chips,6
956,7,For repair Soft Table,149
957,21,Shirt,137
958,17,Practical Tuna,116
959,39,Concrete Mouse,66
960,25,Keyboard,110
961,25,Frozen Bike,110
962,17,Pants,41
963,11,Fantastic Sausages,100
964,35,Granite Mouse,63
965,42,Frozen Fish,146
966,39,Used Soap,139
967,12,Towels,48
968,41,Fresh Fish,10
969,36,Awesome Keyboard,79
970,24,Practical Sausages,149
971,42,Intelligent Bacon,8
972,14,Incredible Soft Sausages,42
973,20,Incredible Sausages,10
974,17,Fantastic Soft Chair,26
975,28,Chair,9
976,17,Licensed Sausages,117
977,15,New Wooden Towels,110
978,45,Gorgeous Frozen Soap,143
979,39,Rustic Fresh Bacon,93
980,17,Practical Chicken,134
981,28,Gently Used Gloves,123
982,42,Handcrafted Concrete Ball,24
983,41,Keyboard,107
984,14,Used Tuna,86
985,43,Table,84
986,18,Granite Cheese,123
987,39,Unbranded Shirt,105
988,37,Generic Keyboard,108
989,19,Cheese,111
990,12,Gloves,116
991,28,Handcrafted Bacon,66
992,36,Concrete Pants,108
993,15,Steel Fish,102
994,43,Salad,43
995,41,Rubber Shirt,18
996,42,Generic Computer,52
997,35,Soap,70
998,42,Soft Mouse,112
999,15,Gorgeous Pizza,27
